testdate_cst,conversation_id,ordinal,role,content,user_id,persona_id,created_at,topic_id,feedback,feedback_status,id,user_id,persona_id,created_at,tavus_conversation_id,update_dt,tavus_user_id,insertedby
2026-03-02 09:28:41.790172,35a7e262-9c78-4793-9932-d4bf9a341a41,2,assistant,"{""text"": ""In the context of software and digital platforms, a **User ID** (User Identifier) is a unique string of charactersŚusually numbers, letters, or bothŚassigned to a specific individual within a computer system or network.\n\nHere is a breakdown of what it means and why it is used:\n\n### 1. Unique Identification\nThe primary purpose is to distinguish you from every other person on the platform. Even if two people have the same name (e.g., \""John Smith\""), they will each have a unique User ID so the system doesn't confuse their accounts.\n\n### 2. Authentication and Security\nThe User ID acts as your digital identity. When paired with a password or biometric data, it allows the system to verify that you are who you say you are.\n\n### 3. Data Association\nThe User ID is the \""key\"" that connects you to your specific data. It tells the system:\n*   Which emails belong to you.\n*   What your settings and preferences are.\n*   Your purchase history or saved files.\n\n### 4. Internal vs. External IDs\n*   **Username (External):** This is the ID you often choose yourself (like `@handle` or an email address) that might be visible to others.\n*   **System ID (Internal):** Often a long string of numbers (e.g., `5928371`) used by developers and databases. You might see this in your profile settings or if you need to contact technical support.\n\n**Are you asking about a User ID for a specific app, website, or device?** If you provide more context, I can give you a more specific explanation.""}",11111111-1111-1111-1111-111111111111,9b94acf5-6fcb-4314-9049-fad8d641206d,2026-03-02 15:28:41.7546+00,NULL,NULL,0,35a7e262-9c78-4793-9932-d4bf9a341a41,11111111-1111-1111-1111-111111111111,9b94acf5-6fcb-4314-9049-fad8d641206d,2026-03-02 15:28:41.790172+00,cd607699a870b4cb,2026-03-02 15:28:41.769279+00,custom_llm,custom_llm
2026-03-02 09:28:41.790172,35a7e262-9c78-4793-9932-d4bf9a341a41,1,user,"{""text"": ""What does the user ID mean?""}",11111111-1111-1111-1111-111111111111,9b94acf5-6fcb-4314-9049-fad8d641206d,2026-03-02 15:28:38.66648+00,NULL,NULL,0,35a7e262-9c78-4793-9932-d4bf9a341a41,11111111-1111-1111-1111-111111111111,9b94acf5-6fcb-4314-9049-fad8d641206d,2026-03-02 15:28:41.790172+00,cd607699a870b4cb,2026-03-02 15:28:41.769279+00,custom_llm,custom_llm
2026-03-02 09:26:23.622134,e66d1b50-330d-408b-b760-632dd42e4ace,2,assistant,"{""text"": ""I'm doing well, thank you for asking! How are things going with you today? You look like you're settled in and focused on somethingŚI'm ready whenever you are.""}",11111111-1111-1111-1111-111111111111,9b94acf5-6fcb-4314-9049-fad8d641206d,2026-03-02 15:26:23.258641+00,NULL,NULL,0,e66d1b50-330d-408b-b760-632dd42e4ace,11111111-1111-1111-1111-111111111111,9b94acf5-6fcb-4314-9049-fad8d641206d,2026-03-02 15:26:23.622134+00,cdab8371f82254ee,2026-03-02 15:26:23.557588+00,custom_llm,custom_llm
2026-03-02 09:26:23.622134,e66d1b50-330d-408b-b760-632dd42e4ace,1,user,"{""text"": ""Hi, how are you?""}",11111111-1111-1111-1111-111111111111,9b94acf5-6fcb-4314-9049-fad8d641206d,2026-03-02 15:26:21.892034+00,NULL,NULL,0,e66d1b50-330d-408b-b760-632dd42e4ace,11111111-1111-1111-1111-111111111111,9b94acf5-6fcb-4314-9049-fad8d641206d,2026-03-02 15:26:23.622134+00,cdab8371f82254ee,2026-03-02 15:26:23.557588+00,custom_llm,custom_llm
2026-03-02 08:49:15.528154,fd815f70-dd75-4524-b93a-0f083b17ad05,1,user,"{""text"": ""Do you know what the gene and mutation we're here to talk about is?""}",11111111-1111-1111-1111-111111111111,9b94acf5-6fcb-4314-9049-fad8d641206d,2026-03-02 14:49:13.78526+00,NULL,NULL,0,fd815f70-dd75-4524-b93a-0f083b17ad05,11111111-1111-1111-1111-111111111111,9b94acf5-6fcb-4314-9049-fad8d641206d,2026-03-02 14:49:15.528154+00,ca0b24310938c461,2026-03-02 14:49:15.507847+00,custom_llm,custom_llm
2026-03-02 08:49:15.528154,fd815f70-dd75-4524-b93a-0f083b17ad05,2,assistant,"{""text"": ""Based on our previous context or the specific focus of this session, we are here to discuss the **LRRK2** gene and the **G2019S** mutation, which is the most common genetic cause of Parkinson's disease.\n\nWould you like to go over how this mutation affects the protein's function, or perhaps discuss the current research and clinical trials targeting this specific pathway?""}",11111111-1111-1111-1111-111111111111,9b94acf5-6fcb-4314-9049-fad8d641206d,2026-03-02 14:49:15.496234+00,NULL,NULL,0,fd815f70-dd75-4524-b93a-0f083b17ad05,11111111-1111-1111-1111-111111111111,9b94acf5-6fcb-4314-9049-fad8d641206d,2026-03-02 14:49:15.528154+00,ca0b24310938c461,2026-03-02 14:49:15.507847+00,custom_llm,custom_llm
2026-03-02 08:49:10.117327,1f3aa1ab-02a5-4d04-85ec-4071e0298692,1,user,"{""text"": ""Um...""}",11111111-1111-1111-1111-111111111111,9b94acf5-6fcb-4314-9049-fad8d641206d,2026-03-02 14:49:08.882374+00,NULL,NULL,0,1f3aa1ab-02a5-4d04-85ec-4071e0298692,11111111-1111-1111-1111-111111111111,9b94acf5-6fcb-4314-9049-fad8d641206d,2026-03-02 14:49:10.117327+00,ca0b24310938c461,2026-03-02 14:49:10.099372+00,custom_llm,custom_llm
2026-03-02 08:49:10.117327,1f3aa1ab-02a5-4d04-85ec-4071e0298692,2,assistant,"{""text"": ""Take your time. I'm here whenever you're ready. What's on your mind?""}",11111111-1111-1111-1111-111111111111,9b94acf5-6fcb-4314-9049-fad8d641206d,2026-03-02 14:49:10.089294+00,NULL,NULL,0,1f3aa1ab-02a5-4d04-85ec-4071e0298692,11111111-1111-1111-1111-111111111111,9b94acf5-6fcb-4314-9049-fad8d641206d,2026-03-02 14:49:10.117327+00,ca0b24310938c461,2026-03-02 14:49:10.099372+00,custom_llm,custom_llm
2026-03-02 08:49:00.593691,296d2864-16d6-433f-ac6a-a63e5e339c54,2,assistant,"{""text"": ""I'm doing well, thank you for asking! How are you doing today? Is there anything I can help you with?""}",11111111-1111-1111-1111-111111111111,9b94acf5-6fcb-4314-9049-fad8d641206d,2026-03-02 14:49:00.551521+00,NULL,NULL,0,296d2864-16d6-433f-ac6a-a63e5e339c54,11111111-1111-1111-1111-111111111111,9b94acf5-6fcb-4314-9049-fad8d641206d,2026-03-02 14:49:00.593691+00,ca0b24310938c461,2026-03-02 14:49:00.567416+00,custom_llm,custom_llm
2026-03-02 08:49:00.593691,296d2864-16d6-433f-ac6a-a63e5e339c54,1,user,"{""text"": ""Hi, how are you?""}",11111111-1111-1111-1111-111111111111,9b94acf5-6fcb-4314-9049-fad8d641206d,2026-03-02 14:48:59.359635+00,NULL,NULL,0,296d2864-16d6-433f-ac6a-a63e5e339c54,11111111-1111-1111-1111-111111111111,9b94acf5-6fcb-4314-9049-fad8d641206d,2026-03-02 14:49:00.593691+00,ca0b24310938c461,2026-03-02 14:49:00.567416+00,custom_llm,custom_llm
